run_id,noeuds_quorum,extraction,bgate_activation,porosite_sigma,bios,metrique_quorum,porosite_residuelle,tolerance_effective,seuil_minimal_viable,statut_quorum,noeuds_sollicites,economie_energie_pct
1,3,0.05,False,0.1,0.2179,0.747,0.0747,0.0747,2,VALIDE,2,33.33%
2,3,0.05,False,0.2,0.3191,0.6877,0.1375,0.1375,2,ECHEC_REENTRANT,3,0.0%
3,3,0.05,False,0.35,0.2026,0.6817,0.2386,0.2386,2,ECHEC_REENTRANT,3,0.0%
4,3,0.05,False,0.5,0.553,0.7878,0.3939,0.3939,1,VALIDE,2,33.33%
5,3,0.15,False,0.1,0.5769,0.6918,0.0692,0.0692,2,ECHEC_REENTRANT,3,0.0%
6,3,0.15,False,0.2,0.3535,0.6734,0.1347,0.1347,2,VALIDE,2,33.33%
7,3,0.15,False,0.35,0.5579,0.7228,0.253,0.253,2,VALIDE,2,33.33%
8,3,0.15,False,0.5,0.271,0.7713,0.3856,0.3856,1,ECHEC_REENTRANT,3,0.0%
9,3,0.25,False,0.1,0.405,0.6687,0.0669,0.0669,2,ECHEC_REENTRANT,3,0.0%
10,3,0.25,False,0.2,0.2145,0.7216,0.1443,0.1443,2,ECHEC_REENTRANT,3,0.0%
11,3,0.25,False,0.35,0.3114,0.7887,0.276,0.276,2,VALIDE,2,33.33%
12,3,0.25,False,0.5,0.2553,0.6932,0.3466,0.3466,1,VALIDE,2,33.33%
13,3,0.35,True,0.1,0.3059,0.8253,0.0825,0.0825,2,VALIDE,2,33.33%
14,3,0.35,True,0.2,0.5292,0.8293,0.1659,0.1659,2,ECHEC_REENTRANT,3,0.0%
15,3,0.35,True,0.35,0.5282,0.7738,0.2708,0.2708,2,VALIDE,3,0.0%
16,3,0.35,True,0.5,0.2887,0.5852,0.2926,0.2926,2,ECHEC_REENTRANT,3,0.0%
17,3,0.5,True,0.1,0.3414,0.8045,0.0804,0.0804,2,ECHEC_REENTRANT,3,0.0%
18,3,0.5,True,0.2,0.4156,0.7841,0.1568,0.1568,2,ECHEC_REENTRANT,3,0.0%
19,3,0.5,True,0.35,0.4976,0.7562,0.2647,0.2647,2,VALIDE,3,0.0%
20,3,0.5,True,0.5,0.4583,0.7427,0.3714,0.3714,1,VALIDE,1,66.67%
21,3,0.7,True,0.1,0.4697,0.8324,0.0832,0.0832,2,VALIDE,3,0.0%
22,3,0.7,True,0.2,0.2244,0.7205,0.1441,0.1441,2,VALIDE,3,0.0%
23,3,0.7,True,0.35,0.4775,0.7753,0.2714,0.2714,2,ECHEC_REENTRANT,3,0.0%
24,3,0.7,True,0.5,0.4575,0.7123,0.3562,0.3562,1,VALIDE,1,66.67%
25,5,0.05,False,0.1,0.3495,0.7553,0.0755,0.0755,4,VALIDE,4,20.0%
26,5,0.05,False,0.2,0.5896,0.7412,0.1482,0.1482,4,ECHEC_REENTRANT,5,0.0%
27,5,0.05,False,0.35,0.5438,0.6858,0.24,0.24,3,ECHEC_REENTRANT,5,0.0%
28,5,0.05,False,0.5,0.3362,0.6634,0.3317,0.3317,3,VALIDE,4,20.0%
29,5,0.15,False,0.1,0.3329,0.7487,0.0749,0.0749,4,ECHEC_REENTRANT,5,0.0%
30,5,0.15,False,0.2,0.5733,0.7037,0.1407,0.1407,4,ECHEC_REENTRANT,5,0.0%
31,5,0.15,False,0.35,0.4905,0.7208,0.2523,0.2523,3,ECHEC_REENTRANT,5,0.0%
32,5,0.15,False,0.5,0.3822,0.725,0.3625,0.3625,3,VALIDE,4,20.0%
33,5,0.25,False,0.1,0.222,0.7407,0.0741,0.0741,4,ECHEC_REENTRANT,5,0.0%
34,5,0.25,False,0.2,0.5768,0.6794,0.1359,0.1359,4,VALIDE,4,20.0%
35,5,0.25,False,0.35,0.4838,0.6879,0.2408,0.2408,3,VALIDE,5,0.0%
36,5,0.25,False,0.5,0.5047,0.7352,0.3676,0.3676,3,VALIDE,3,40.0%
37,5,0.35,True,0.1,0.5232,0.843,0.0843,0.0843,4,ECHEC_REENTRANT,5,0.0%
38,5,0.35,True,0.2,0.3724,0.7527,0.1505,0.1505,4,ECHEC_REENTRANT,5,0.0%
39,5,0.35,True,0.35,0.5291,0.779,0.2726,0.2726,3,VALIDE,5,0.0%
40,5,0.35,True,0.5,0.4318,0.7047,0.3523,0.3523,3,ECHEC_REENTRANT,5,0.0%
41,5,0.5,True,0.1,0.5939,0.8576,0.0858,0.0858,4,VALIDE,5,0.0%
42,5,0.5,True,0.2,0.4895,0.8021,0.1604,0.1604,4,VALIDE,5,0.0%
43,5,0.5,True,0.35,0.3976,0.7223,0.2528,0.2528,3,VALIDE,5,0.0%
44,5,0.5,True,0.5,0.5196,0.7284,0.3642,0.3642,3,ECHEC_REENTRANT,5,0.0%
45,5,0.7,True,0.1,0.552,0.845,0.0845,0.0845,4,ECHEC_REENTRANT,5,0.0%
46,5,0.7,True,0.2,0.576,0.8142,0.1628,0.1628,4,ECHEC_REENTRANT,5,0.0%
47,5,0.7,True,0.35,0.4749,0.7535,0.2637,0.2637,3,VALIDE,5,0.0%
48,5,0.7,True,0.5,0.2519,0.6066,0.3033,0.3033,3,ECHEC_REENTRANT,5,0.0%
49,7,0.05,False,0.1,0.2806,0.7702,0.077,0.077,6,ECHEC_REENTRANT,7,0.0%
50,7,0.05,False,0.2,0.2533,0.7764,0.1553,0.1553,5,ECHEC_REENTRANT,7,0.0%
51,7,0.05,False,0.35,0.2347,0.7362,0.2577,0.2577,5,ECHEC_REENTRANT,7,0.0%
52,7,0.05,False,0.5,0.4806,0.8364,0.4182,0.4182,4,ECHEC_REENTRANT,7,0.0%
53,7,0.15,False,0.1,0.3562,0.7032,0.0703,0.0703,6,ECHEC_REENTRANT,7,0.0%
54,7,0.15,False,0.2,0.4979,0.7882,0.1576,0.1576,5,ECHEC_REENTRANT,7,0.0%
55,7,0.15,False,0.35,0.5635,0.7515,0.263,0.263,5,ECHEC_REENTRANT,7,0.0%
56,7,0.15,False,0.5,0.4059,0.6727,0.3363,0.3363,4,ECHEC_REENTRANT,7,0.0%
57,7,0.25,False,0.1,0.233,0.7394,0.0739,0.0739,6,ECHEC_REENTRANT,7,0.0%
58,7,0.25,False,0.2,0.3615,0.7655,0.1531,0.1531,5,ECHEC_REENTRANT,7,0.0%
59,7,0.25,False,0.35,0.2293,0.7381,0.2583,0.2583,5,ECHEC_REENTRANT,7,0.0%
60,7,0.25,False,0.5,0.5473,0.6982,0.3491,0.3491,4,ECHEC_REENTRANT,7,0.0%
61,7,0.35,True,0.1,0.355,0.8181,0.0818,0.0818,6,ECHEC_REENTRANT,7,0.0%
62,7,0.35,True,0.2,0.3353,0.7107,0.1421,0.1421,6,ECHEC_REENTRANT,7,0.0%
63,7,0.35,True,0.35,0.4031,0.7222,0.2528,0.2528,5,ECHEC_REENTRANT,7,0.0%
64,7,0.35,True,0.5,0.2434,0.6109,0.3054,0.3054,4,VALIDE,5,28.57%
65,7,0.5,True,0.1,0.3891,0.8394,0.0839,0.0839,6,ECHEC_REENTRANT,7,0.0%
66,7,0.5,True,0.2,0.2628,0.7282,0.1456,0.1456,5,ECHEC_REENTRANT,7,0.0%
67,7,0.5,True,0.35,0.4029,0.7209,0.2523,0.2523,5,ECHEC_REENTRANT,7,0.0%
68,7,0.5,True,0.5,0.5366,0.7556,0.3778,0.3778,4,VALIDE,5,28.57%
69,7,0.7,True,0.1,0.4924,0.848,0.0848,0.0848,6,ECHEC_REENTRANT,7,0.0%
70,7,0.7,True,0.2,0.3936,0.7673,0.1535,0.1535,5,ECHEC_REENTRANT,7,0.0%
71,7,0.7,True,0.35,0.4944,0.7591,0.2657,0.2657,5,ECHEC_REENTRANT,7,0.0%
72,7,0.7,True,0.5,0.2787,0.5748,0.2874,0.2874,4,ECHEC_REENTRANT,7,0.0%
73,9,0.05,False,0.1,0.2412,0.7059,0.0706,0.0706,8,ECHEC_REENTRANT,9,0.0%
74,9,0.05,False,0.2,0.3951,0.7291,0.1458,0.1458,7,ECHEC_REENTRANT,9,0.0%
75,9,0.05,False,0.35,0.3234,0.675,0.2363,0.2363,6,ECHEC_REENTRANT,9,0.0%
76,9,0.05,False,0.5,0.243,0.7443,0.3721,0.3721,5,ECHEC_REENTRANT,9,0.0%
77,9,0.15,False,0.1,0.3222,0.6804,0.068,0.068,8,ECHEC_REENTRANT,9,0.0%
78,9,0.15,False,0.2,0.2217,0.7746,0.1549,0.1549,7,ECHEC_REENTRANT,9,0.0%
79,9,0.15,False,0.35,0.5011,0.724,0.2534,0.2534,6,ECHEC_REENTRANT,9,0.0%
80,9,0.15,False,0.5,0.4288,0.7804,0.3902,0.3902,5,ECHEC_REENTRANT,9,0.0%
81,9,0.25,False,0.1,0.5402,0.7535,0.0753,0.0753,8,ECHEC_REENTRANT,9,0.0%
82,9,0.25,False,0.2,0.5408,0.6875,0.1375,0.1375,7,ECHEC_REENTRANT,9,0.0%
83,9,0.25,False,0.35,0.4785,0.7676,0.2687,0.2687,6,VALIDE,9,0.0%
84,9,0.25,False,0.5,0.2864,0.7247,0.3624,0.3624,5,VALIDE,9,0.0%
85,9,0.35,True,0.1,0.46,0.808,0.0808,0.0808,8,ECHEC_REENTRANT,9,0.0%
86,9,0.35,True,0.2,0.3512,0.7227,0.1445,0.1445,7,ECHEC_REENTRANT,9,0.0%
87,9,0.35,True,0.35,0.2333,0.6621,0.2317,0.2317,6,ECHEC_REENTRANT,9,0.0%
88,9,0.35,True,0.5,0.4281,0.7012,0.3506,0.3506,5,VALIDE,6,33.33%
89,9,0.5,True,0.1,0.4863,0.8308,0.0831,0.0831,8,ECHEC_REENTRANT,9,0.0%
90,9,0.5,True,0.2,0.5281,0.8058,0.1612,0.1612,7,ECHEC_REENTRANT,9,0.0%
91,9,0.5,True,0.35,0.5045,0.7603,0.2661,0.2661,6,VALIDE,7,22.22%
92,9,0.5,True,0.5,0.3202,0.6106,0.3053,0.3053,6,ECHEC_REENTRANT,9,0.0%
93,9,0.7,True,0.1,0.4058,0.8076,0.0808,0.0808,8,ECHEC_REENTRANT,9,0.0%
94,9,0.7,True,0.2,0.5216,0.8165,0.1633,0.1633,7,ECHEC_REENTRANT,9,0.0%
95,9,0.7,True,0.35,0.4959,0.7584,0.2655,0.2655,6,VALIDE,8,11.11%
96,9,0.7,True,0.5,0.209,0.5575,0.2788,0.2788,6,ECHEC_REENTRANT,9,0.0%
